<?xml version="1.0" encoding="UTF-8"?>
<config xmlns="http://www.knime.org/2008/09/XMLConfig" xmlns:xsi="http://www.w3.org/2001/XMLSchema-instance" xsi:schemaLocation="http://www.knime.org/2008/09/XMLConfig http://www.knime.org/XMLConfig_2008_09.xsd" key="settings.xml">
<entry key="name" type="xstring" value="Column Rename"/>
<config key="model">
<config key="all_columns">
<config key="_root_result__primaryTopic__result___about_">
<entry key="old_column_name" type="xstring" value="_root_result__primaryTopic__result___about_"/>
<entry key="new_column_name" type="xstring" value="ConceptWikiUrl"/>
<entry key="new_column_type" type="xint" value="0"/>
</config>
<config key="_root_result__primaryTopic__result__match_">
<entry key="old_column_name" type="xstring" value="_root_result__primaryTopic__result__match_"/>
<entry key="new_column_name" type="xstring" value="label"/>
<entry key="new_column_type" type="xint" value="0"/>
</config>
</config>
</config>
<entry key="hasContent" type="xboolean" value="true"/>
<entry key="isInactive" type="xboolean" value="false"/>
<config key="ports">
<config key="port_1">
<entry key="index" type="xint" value="1"/>
<entry key="port_spec_class" type="xstring" value="org.knime.core.data.DataTableSpec"/>
<entry key="port_object_class" type="xstring" value="org.knime.core.node.BufferedDataTable"/>
<entry key="port_object_summary" type="xstring" value="Rows: 215, Cols: 223"/>
<entry key="port_dir_location" type="xstring" value="port_1"/>
</config>
</config>
<config key="filestores">
<entry key="file_store_location" type="xstring" isnull="true" value=""/>
<entry key="file_store_id" type="xstring" value="117cf073-60e9-4769-bba2-72cb96ece12e"/>
</config>
</config>
