<?xml version="1.0" encoding="UTF-8"?>
<config xmlns="http://www.knime.org/2008/09/XMLConfig" xmlns:xsi="http://www.w3.org/2001/XMLSchema-instance" xsi:schemaLocation="http://www.knime.org/2008/09/XMLConfig http://www.knime.org/XMLConfig_2008_09.xsd" key="settings.xml">
<entry key="name" type="xstring" value="Column Filter"/>
<config key="model">
<config key="column-filter">
<entry key="filter-type" type="xstring" value="STANDARD"/>
<config key="included_names">
<entry key="array-size" type="xint" value="20"/>
<entry key="0" type="xstring" value="_root_result___about_"/>
<entry key="1" type="xstring" value="_root_result__items___about_"/>
<entry key="2" type="xstring" value="_root_result__items__pmid_"/>
<entry key="3" type="xstring" value="_root_result__items__forMolecule___about_"/>
<entry key="4" type="xstring" value="_root_result__items__forMolecule__full_mwt_"/>
<entry key="5" type="xstring" value="_root_result__items__forMolecule__inDataset_"/>
<entry key="6" type="xstring" value="_root_result__items__forMolecule__exactMatch___about_"/>
<entry key="7" type="xstring" value="_root_result__items__forMolecule__exactMatch__prefLabel_en_"/>
<entry key="8" type="xstring" value="_root_result__items__forMolecule__exactMatch__inchi_"/>
<entry key="9" type="xstring" value="_root_result__items__forMolecule__exactMatch__inchikey_"/>
<entry key="10" type="xstring" value="_root_result__items__forMolecule__exactMatch__smiles_"/>
<entry key="11" type="xstring" value="_root_result__items__forMolecule__exactMatch__ro5_violations_"/>
<entry key="12" type="xstring" value="_root_result__items__onAssay___about_"/>
<entry key="13" type="xstring" value="_root_result__items__onAssay__description_"/>
<entry key="14" type="xstring" value="_root_result__items__onAssay__target___about_"/>
<entry key="15" type="xstring" value="_root_result__items__onAssay__target__title_"/>
<entry key="16" type="xstring" value="_root_result__items__onAssay__target__organism_"/>
<entry key="17" type="xstring" value="_root_result__items__onAssay__organism_"/>
<entry key="18" type="xstring" value="_root_result__next_"/>
<entry key="19" type="xstring" value="_root_result__label_"/>
</config>
<config key="excluded_names">
<entry key="array-size" type="xint" value="16"/>
<entry key="0" type="xstring" value="_root_format_"/>
<entry key="1" type="xstring" value="_root_version_"/>
<entry key="2" type="xstring" value="_root_result__itemsPerPage_"/>
<entry key="3" type="xstring" value="_root_result__startIndex_"/>
<entry key="4" type="xstring" value="_root_result__isPartOf___about_"/>
<entry key="5" type="xstring" value="_root_result__isPartOf__hasPart_"/>
<entry key="6" type="xstring" value="_root_result__isPartOf__definition_"/>
<entry key="7" type="xstring" value="_root_result__isPartOf__type_"/>
<entry key="8" type="xstring" value="_root_result__modified_"/>
<entry key="9" type="xstring" value="_root_result__extendedMetadataVersion_"/>
<entry key="10" type="xstring" value="_root_result__items__forMolecule__exactMatch__inDataset_"/>
<entry key="11" type="xstring" value="_root_result__items__forMolecule__exactMatch__prefLabel_"/>
<entry key="12" type="xstring" value="_root_result__items__onAssay__inDataset_"/>
<entry key="13" type="xstring" value="_root_result__items__inDataset_"/>
<entry key="14" type="xstring" value="_root_result__type_"/>
<entry key="15" type="xstring" value="_root_result__first_"/>
</config>
<entry key="enforce_option" type="xstring" value="EnforceExclusion"/>
</config>
</config>
<entry key="hasContent" type="xboolean" value="true"/>
<entry key="isInactive" type="xboolean" value="false"/>
<config key="ports">
<config key="port_1">
<entry key="index" type="xint" value="1"/>
<entry key="port_spec_class" type="xstring" value="org.knime.core.data.DataTableSpec"/>
<entry key="port_object_class" type="xstring" value="org.knime.core.node.BufferedDataTable"/>
<entry key="port_object_summary" type="xstring" value="Rows: 5, Cols: 6"/>
<entry key="port_dir_location" type="xstring" value="port_1"/>
</config>
</config>
<config key="filestores">
<entry key="file_store_location" type="xstring" isnull="true" value=""/>
<entry key="file_store_id" type="xstring" value="dbbf2fe8-d4f8-4b02-8d35-440b57f182c1"/>
</config>
</config>
