<?xml version="1.0" encoding="UTF-8"?>
<config xmlns="http://www.knime.org/2008/09/XMLConfig" xmlns:xsi="http://www.w3.org/2001/XMLSchema-instance" xsi:schemaLocation="http://www.knime.org/2008/09/XMLConfig http://www.knime.org/XMLConfig_2008_09.xsd" key="settings.xml">
<entry key="name" type="xstring" value="Table Creator"/>
<config key="model">
<config key="rowIndices">
<entry key="array-size" type="xint" value="1"/>
<entry key="0" type="xint" value="0"/>
</config>
<config key="columnIndices">
<entry key="array-size" type="xint" value="1"/>
<entry key="0" type="xint" value="0"/>
</config>
<config key="values">
<entry key="array-size" type="xint" value="1"/>
<entry key="0" type="xstring" value="https://dev.openphacts.org/api_docs/services/3322.json"/>
</config>
<entry key="rowIdPrefix" type="xstring" value="Row"/>
<entry key="rowIdSuffix" type="xstring" value=""/>
<entry key="rowIdStartValue" type="xint" value="1"/>
<entry key="highlightOutputTable" type="xboolean" value="false"/>
<config key="columnProperties">
<config key="0">
<entry key="UserSetValues" type="xboolean" value="false"/>
<entry key="MissValuePattern" type="xstring" value=""/>
<entry key="ReadPossValsFromFile" type="xboolean" value="false"/>
<entry key="SkipThisColumn" type="xboolean" value="false"/>
<entry key="ColumnName" type="xstring" value="column1"/>
<config key="ColumnClass">
<entry key="cell_class" type="xstring" value="org.knime.core.data.def.StringCell"/>
<entry key="is_null" type="xboolean" value="false"/>
</config>
</config>
</config>
</config>
<entry key="hasContent" type="xboolean" value="true"/>
<entry key="isInactive" type="xboolean" value="false"/>
<config key="ports">
<config key="port_1">
<entry key="index" type="xint" value="1"/>
<entry key="port_spec_class" type="xstring" value="org.knime.core.data.DataTableSpec"/>
<entry key="port_object_class" type="xstring" value="org.knime.core.node.BufferedDataTable"/>
<entry key="port_object_summary" type="xstring" value="Rows: 1, Cols: 1"/>
<entry key="port_dir_location" type="xstring" value="port_1"/>
</config>
</config>
<config key="filestores">
<entry key="file_store_location" type="xstring" isnull="true" value=""/>
<entry key="file_store_id" type="xstring" value="773f26ea-ab9c-4371-8c5f-c3dd6530a167"/>
</config>
</config>
