<?xml version="1.0" encoding="UTF-8"?>
<config xmlns="http://www.knime.org/2008/09/XMLConfig" xmlns:xsi="http://www.w3.org/2001/XMLSchema-instance" xsi:schemaLocation="http://www.knime.org/2008/09/XMLConfig http://www.knime.org/XMLConfig_2008_09.xsd" key="spec.xml">
<entry key="spec_name" type="xstring" value="default"/>
<entry key="number_columns" type="xint" value="1"/>
<config key="column_spec_0">
<entry key="column_name" type="xstring" value="URL"/>
<config key="element_names">
<entry key="array-size" type="xint" value="0"/>
</config>
<config key="column_type">
<entry key="cell_class" type="xstring" value="org.knime.core.data.def.StringCell"/>
</config>
<config key="column_domain">
<config key="possible_values">
<entry key="array-size" type="xint" value="1"/>
<config key="0">
<entry key="datacell" type="xstring" value="org.knime.core.data.def.StringCell"/>
<config key="org.knime.core.data.def.StringCell">
<entry key="StringCell" type="xstring" value="https://beta.openphacts.org/structure/exact?app_id=15a18100&amp;app_key=528a8272f1cd961d215f318a0315dd3d&amp;searchOptions.Molecule=CNC%28%3DO%29c1cc%28ccn1%29Oc2ccc%28cc2%29NC%28%3DO%29Nc3ccc%28c%28c3%29C%28F%29%28F%29F%29Cl&amp;searchOptions.MatchType=2&amp;resultOptions.Limit=4"/>
</config>
</config>
</config>
</config>
<config key="column_properties"/>
</config>
</config>
