<?xml version="1.0" encoding="UTF-8"?>
<config xmlns="http://www.knime.org/2008/09/XMLConfig" xmlns:xsi="http://www.w3.org/2001/XMLSchema-instance" xsi:schemaLocation="http://www.knime.org/2008/09/XMLConfig http://www.knime.org/XMLConfig_2008_09.xsd" key="settings.xml">
<entry key="name" type="xstring" value="Column Filter"/>
<config key="model">
<config key="column-filter">
<entry key="filter-type" type="xstring" value="STANDARD"/>
<config key="included_names">
<entry key="array-size" type="xint" value="3"/>
<entry key="0" type="xstring" value="_root_result__primaryTopic__msg0__"/>
<entry key="1" type="xstring" value="_root_result__primaryTopic__result___about_"/>
<entry key="2" type="xstring" value="_root_result__primaryTopic__result__match_"/>
</config>
<config key="excluded_names">
<entry key="array-size" type="xint" value="212"/>
<entry key="0" type="xstring" value="_root_format_"/>
<entry key="1" type="xstring" value="_root_version_"/>
<entry key="2" type="xstring" value="_root_result___about_"/>
<entry key="3" type="xstring" value="_root_result__definition_"/>
<entry key="4" type="xstring" value="_root_result__extendedMetadataVersion_"/>
<entry key="5" type="xstring" value="_root_result__primaryTopic__result__semanticTag__deleted_"/>
<entry key="6" type="xstring" value="_root_result__primaryTopic__result__semanticTag__uuid_"/>
<entry key="7" type="xstring" value="_root_result__primaryTopic__result__semanticTag__prefLabel_en_"/>
<entry key="8" type="xstring" value="_root_result__primaryTopic__result__semanticTag__prefLabel_"/>
<entry key="9" type="xstring" value="_root_result__primaryTopic__result__altLabel_en__0_"/>
<entry key="10" type="xstring" value="_root_result__primaryTopic__result__altLabel_en__1_"/>
<entry key="11" type="xstring" value="_root_result__primaryTopic__result__altLabel_en__2_"/>
<entry key="12" type="xstring" value="_root_result__primaryTopic__result__altLabel_en__3_"/>
<entry key="13" type="xstring" value="_root_result__primaryTopic__result__altLabel_en__4_"/>
<entry key="14" type="xstring" value="_root_result__primaryTopic__result__altLabel_en__5_"/>
<entry key="15" type="xstring" value="_root_result__primaryTopic__result__altLabel_en__6_"/>
<entry key="16" type="xstring" value="_root_result__primaryTopic__result__altLabel_en__7_"/>
<entry key="17" type="xstring" value="_root_result__primaryTopic__result__altLabel_en__8_"/>
<entry key="18" type="xstring" value="_root_result__primaryTopic__result__altLabel_en__9_"/>
<entry key="19" type="xstring" value="_root_result__primaryTopic__result__altLabel_en__10_"/>
<entry key="20" type="xstring" value="_root_result__primaryTopic__result__altLabel_en__11_"/>
<entry key="21" type="xstring" value="_root_result__primaryTopic__result__altLabel_en__12_"/>
<entry key="22" type="xstring" value="_root_result__primaryTopic__result__altLabel_en__13_"/>
<entry key="23" type="xstring" value="_root_result__primaryTopic__result__altLabel_en__14_"/>
<entry key="24" type="xstring" value="_root_result__primaryTopic__result__altLabel_en__15_"/>
<entry key="25" type="xstring" value="_root_result__primaryTopic__result__altLabel_en__16_"/>
<entry key="26" type="xstring" value="_root_result__primaryTopic__result__altLabel_en__17_"/>
<entry key="27" type="xstring" value="_root_result__primaryTopic__result__altLabel_en__18_"/>
<entry key="28" type="xstring" value="_root_result__primaryTopic__result__altLabel_en__19_"/>
<entry key="29" type="xstring" value="_root_result__primaryTopic__result__altLabel_en__20_"/>
<entry key="30" type="xstring" value="_root_result__primaryTopic__result__altLabel_en__21_"/>
<entry key="31" type="xstring" value="_root_result__primaryTopic__result__altLabel_en__22_"/>
<entry key="32" type="xstring" value="_root_result__primaryTopic__result__altLabel_en__23_"/>
<entry key="33" type="xstring" value="_root_result__primaryTopic__result__altLabel_en__24_"/>
<entry key="34" type="xstring" value="_root_result__primaryTopic__result__altLabel_en__25_"/>
<entry key="35" type="xstring" value="_root_result__primaryTopic__result__altLabel_en__26_"/>
<entry key="36" type="xstring" value="_root_result__primaryTopic__result__altLabel_en__27_"/>
<entry key="37" type="xstring" value="_root_result__primaryTopic__result__altLabel_en__28_"/>
<entry key="38" type="xstring" value="_root_result__primaryTopic__result__altLabel_en__29_"/>
<entry key="39" type="xstring" value="_root_result__primaryTopic__result__altLabel_en__30_"/>
<entry key="40" type="xstring" value="_root_result__primaryTopic__result__altLabel_en__31_"/>
<entry key="41" type="xstring" value="_root_result__primaryTopic__result__altLabel_en__32_"/>
<entry key="42" type="xstring" value="_root_result__primaryTopic__result__altLabel_en__33_"/>
<entry key="43" type="xstring" value="_root_result__primaryTopic__result__altLabel_en__34_"/>
<entry key="44" type="xstring" value="_root_result__primaryTopic__result__altLabel_en__35_"/>
<entry key="45" type="xstring" value="_root_result__primaryTopic__result__altLabel_en__36_"/>
<entry key="46" type="xstring" value="_root_result__primaryTopic__result__altLabel_en__37_"/>
<entry key="47" type="xstring" value="_root_result__primaryTopic__result__altLabel_en__38_"/>
<entry key="48" type="xstring" value="_root_result__primaryTopic__result__altLabel_en__39_"/>
<entry key="49" type="xstring" value="_root_result__primaryTopic__result__altLabel_en__40_"/>
<entry key="50" type="xstring" value="_root_result__primaryTopic__result__altLabel_en__41_"/>
<entry key="51" type="xstring" value="_root_result__primaryTopic__result__altLabel_en__42_"/>
<entry key="52" type="xstring" value="_root_result__primaryTopic__result__altLabel_en__43_"/>
<entry key="53" type="xstring" value="_root_result__primaryTopic__result__altLabel_en__44_"/>
<entry key="54" type="xstring" value="_root_result__primaryTopic__result__altLabel_en__45_"/>
<entry key="55" type="xstring" value="_root_result__primaryTopic__result__altLabel_en__46_"/>
<entry key="56" type="xstring" value="_root_result__primaryTopic__result__altLabel__0_"/>
<entry key="57" type="xstring" value="_root_result__primaryTopic__result__altLabel__1_"/>
<entry key="58" type="xstring" value="_root_result__primaryTopic__result__altLabel__2_"/>
<entry key="59" type="xstring" value="_root_result__primaryTopic__result__altLabel__3_"/>
<entry key="60" type="xstring" value="_root_result__primaryTopic__result__altLabel__4_"/>
<entry key="61" type="xstring" value="_root_result__primaryTopic__result__altLabel__5_"/>
<entry key="62" type="xstring" value="_root_result__primaryTopic__result__altLabel__6_"/>
<entry key="63" type="xstring" value="_root_result__primaryTopic__result__altLabel__7_"/>
<entry key="64" type="xstring" value="_root_result__primaryTopic__result__altLabel__8_"/>
<entry key="65" type="xstring" value="_root_result__primaryTopic__result__altLabel__9_"/>
<entry key="66" type="xstring" value="_root_result__primaryTopic__result__altLabel__10_"/>
<entry key="67" type="xstring" value="_root_result__primaryTopic__result__altLabel__11_"/>
<entry key="68" type="xstring" value="_root_result__primaryTopic__result__altLabel__12_"/>
<entry key="69" type="xstring" value="_root_result__primaryTopic__result__altLabel__13_"/>
<entry key="70" type="xstring" value="_root_result__primaryTopic__result__altLabel__14_"/>
<entry key="71" type="xstring" value="_root_result__primaryTopic__result__altLabel__15_"/>
<entry key="72" type="xstring" value="_root_result__primaryTopic__result__altLabel__16_"/>
<entry key="73" type="xstring" value="_root_result__primaryTopic__result__altLabel__17_"/>
<entry key="74" type="xstring" value="_root_result__primaryTopic__result__altLabel__18_"/>
<entry key="75" type="xstring" value="_root_result__primaryTopic__result__altLabel__19_"/>
<entry key="76" type="xstring" value="_root_result__primaryTopic__result__altLabel__20_"/>
<entry key="77" type="xstring" value="_root_result__primaryTopic__result__altLabel__21_"/>
<entry key="78" type="xstring" value="_root_result__primaryTopic__result__altLabel__22_"/>
<entry key="79" type="xstring" value="_root_result__primaryTopic__result__altLabel__23_"/>
<entry key="80" type="xstring" value="_root_result__primaryTopic__result__altLabel__24_"/>
<entry key="81" type="xstring" value="_root_result__primaryTopic__result__altLabel__25_"/>
<entry key="82" type="xstring" value="_root_result__primaryTopic__result__altLabel__26_"/>
<entry key="83" type="xstring" value="_root_result__primaryTopic__result__altLabel__27_"/>
<entry key="84" type="xstring" value="_root_result__primaryTopic__result__altLabel__28_"/>
<entry key="85" type="xstring" value="_root_result__primaryTopic__result__altLabel__29_"/>
<entry key="86" type="xstring" value="_root_result__primaryTopic__result__altLabel__30_"/>
<entry key="87" type="xstring" value="_root_result__primaryTopic__result__altLabel__31_"/>
<entry key="88" type="xstring" value="_root_result__primaryTopic__result__altLabel__32_"/>
<entry key="89" type="xstring" value="_root_result__primaryTopic__result__altLabel__33_"/>
<entry key="90" type="xstring" value="_root_result__primaryTopic__result__altLabel__34_"/>
<entry key="91" type="xstring" value="_root_result__primaryTopic__result__altLabel__35_"/>
<entry key="92" type="xstring" value="_root_result__primaryTopic__result__altLabel__36_"/>
<entry key="93" type="xstring" value="_root_result__primaryTopic__result__altLabel__37_"/>
<entry key="94" type="xstring" value="_root_result__primaryTopic__result__altLabel__38_"/>
<entry key="95" type="xstring" value="_root_result__primaryTopic__result__altLabel__39_"/>
<entry key="96" type="xstring" value="_root_result__primaryTopic__result__altLabel__40_"/>
<entry key="97" type="xstring" value="_root_result__primaryTopic__result__altLabel__41_"/>
<entry key="98" type="xstring" value="_root_result__primaryTopic__result__altLabel__42_"/>
<entry key="99" type="xstring" value="_root_result__primaryTopic__result__altLabel__43_"/>
<entry key="100" type="xstring" value="_root_result__primaryTopic__result__altLabel__44_"/>
<entry key="101" type="xstring" value="_root_result__primaryTopic__result__altLabel__45_"/>
<entry key="102" type="xstring" value="_root_result__primaryTopic__result__altLabel__46_"/>
<entry key="103" type="xstring" value="_root_result__primaryTopic__result__exactMatch__matchType_"/>
<entry key="104" type="xstring" value="_root_result__primaryTopic__result__exactMatch__url_"/>
<entry key="105" type="xstring" value="_root_result__primaryTopic__result__prefLabel_en_"/>
<entry key="106" type="xstring" value="_root_result__primaryTopic__result__prefLabel_"/>
<entry key="107" type="xstring" value="_root_result__primaryTopic__result__altLabel_en__47_"/>
<entry key="108" type="xstring" value="_root_result__primaryTopic__result__altLabel_en__48_"/>
<entry key="109" type="xstring" value="_root_result__primaryTopic__result__altLabel_en__49_"/>
<entry key="110" type="xstring" value="_root_result__primaryTopic__result__altLabel_en__50_"/>
<entry key="111" type="xstring" value="_root_result__primaryTopic__result__altLabel_en__51_"/>
<entry key="112" type="xstring" value="_root_result__primaryTopic__result__altLabel_en__52_"/>
<entry key="113" type="xstring" value="_root_result__primaryTopic__result__altLabel_en__53_"/>
<entry key="114" type="xstring" value="_root_result__primaryTopic__result__altLabel_en__54_"/>
<entry key="115" type="xstring" value="_root_result__primaryTopic__result__altLabel_en__55_"/>
<entry key="116" type="xstring" value="_root_result__primaryTopic__result__altLabel_en__56_"/>
<entry key="117" type="xstring" value="_root_result__primaryTopic__result__altLabel_en__57_"/>
<entry key="118" type="xstring" value="_root_result__primaryTopic__result__altLabel_en__58_"/>
<entry key="119" type="xstring" value="_root_result__primaryTopic__result__altLabel_en__59_"/>
<entry key="120" type="xstring" value="_root_result__primaryTopic__result__altLabel_en__60_"/>
<entry key="121" type="xstring" value="_root_result__primaryTopic__result__altLabel_en__61_"/>
<entry key="122" type="xstring" value="_root_result__primaryTopic__result__altLabel_en__62_"/>
<entry key="123" type="xstring" value="_root_result__primaryTopic__result__altLabel_en__63_"/>
<entry key="124" type="xstring" value="_root_result__primaryTopic__result__altLabel_en__64_"/>
<entry key="125" type="xstring" value="_root_result__primaryTopic__result__altLabel_en__65_"/>
<entry key="126" type="xstring" value="_root_result__primaryTopic__result__altLabel_en__66_"/>
<entry key="127" type="xstring" value="_root_result__primaryTopic__result__altLabel_en__67_"/>
<entry key="128" type="xstring" value="_root_result__primaryTopic__result__altLabel_en__68_"/>
<entry key="129" type="xstring" value="_root_result__primaryTopic__result__altLabel_en__69_"/>
<entry key="130" type="xstring" value="_root_result__primaryTopic__result__altLabel_en__70_"/>
<entry key="131" type="xstring" value="_root_result__primaryTopic__result__altLabel_en__71_"/>
<entry key="132" type="xstring" value="_root_result__primaryTopic__result__altLabel_en__72_"/>
<entry key="133" type="xstring" value="_root_result__primaryTopic__result__altLabel_en__73_"/>
<entry key="134" type="xstring" value="_root_result__primaryTopic__result__altLabel_en__74_"/>
<entry key="135" type="xstring" value="_root_result__primaryTopic__result__altLabel_en__75_"/>
<entry key="136" type="xstring" value="_root_result__primaryTopic__result__altLabel_en__76_"/>
<entry key="137" type="xstring" value="_root_result__primaryTopic__result__altLabel_en__77_"/>
<entry key="138" type="xstring" value="_root_result__primaryTopic__result__altLabel_en__78_"/>
<entry key="139" type="xstring" value="_root_result__primaryTopic__result__altLabel_en__79_"/>
<entry key="140" type="xstring" value="_root_result__primaryTopic__result__altLabel_en__80_"/>
<entry key="141" type="xstring" value="_root_result__primaryTopic__result__altLabel_en__81_"/>
<entry key="142" type="xstring" value="_root_result__primaryTopic__result__altLabel_en__82_"/>
<entry key="143" type="xstring" value="_root_result__primaryTopic__result__altLabel_en__83_"/>
<entry key="144" type="xstring" value="_root_result__primaryTopic__result__altLabel_en__84_"/>
<entry key="145" type="xstring" value="_root_result__primaryTopic__result__altLabel_en__85_"/>
<entry key="146" type="xstring" value="_root_result__primaryTopic__result__altLabel_en__86_"/>
<entry key="147" type="xstring" value="_root_result__primaryTopic__result__altLabel_en__87_"/>
<entry key="148" type="xstring" value="_root_result__primaryTopic__result__altLabel_en__88_"/>
<entry key="149" type="xstring" value="_root_result__primaryTopic__result__altLabel_en__89_"/>
<entry key="150" type="xstring" value="_root_result__primaryTopic__result__altLabel_en__90_"/>
<entry key="151" type="xstring" value="_root_result__primaryTopic__result__altLabel_en__91_"/>
<entry key="152" type="xstring" value="_root_result__primaryTopic__result__altLabel_en__92_"/>
<entry key="153" type="xstring" value="_root_result__primaryTopic__result__altLabel_en__93_"/>
<entry key="154" type="xstring" value="_root_result__primaryTopic__result__altLabel_en__94_"/>
<entry key="155" type="xstring" value="_root_result__primaryTopic__result__altLabel_en__95_"/>
<entry key="156" type="xstring" value="_root_result__primaryTopic__result__altLabel_en__96_"/>
<entry key="157" type="xstring" value="_root_result__primaryTopic__result__altLabel_en__97_"/>
<entry key="158" type="xstring" value="_root_result__primaryTopic__result__altLabel__47_"/>
<entry key="159" type="xstring" value="_root_result__primaryTopic__result__altLabel__48_"/>
<entry key="160" type="xstring" value="_root_result__primaryTopic__result__altLabel__49_"/>
<entry key="161" type="xstring" value="_root_result__primaryTopic__result__altLabel__50_"/>
<entry key="162" type="xstring" value="_root_result__primaryTopic__result__altLabel__51_"/>
<entry key="163" type="xstring" value="_root_result__primaryTopic__result__altLabel__52_"/>
<entry key="164" type="xstring" value="_root_result__primaryTopic__result__altLabel__53_"/>
<entry key="165" type="xstring" value="_root_result__primaryTopic__result__altLabel__54_"/>
<entry key="166" type="xstring" value="_root_result__primaryTopic__result__altLabel__55_"/>
<entry key="167" type="xstring" value="_root_result__primaryTopic__result__altLabel__56_"/>
<entry key="168" type="xstring" value="_root_result__primaryTopic__result__altLabel__57_"/>
<entry key="169" type="xstring" value="_root_result__primaryTopic__result__altLabel__58_"/>
<entry key="170" type="xstring" value="_root_result__primaryTopic__result__altLabel__59_"/>
<entry key="171" type="xstring" value="_root_result__primaryTopic__result__altLabel__60_"/>
<entry key="172" type="xstring" value="_root_result__primaryTopic__result__altLabel__61_"/>
<entry key="173" type="xstring" value="_root_result__primaryTopic__result__altLabel__62_"/>
<entry key="174" type="xstring" value="_root_result__primaryTopic__result__altLabel__63_"/>
<entry key="175" type="xstring" value="_root_result__primaryTopic__result__altLabel__64_"/>
<entry key="176" type="xstring" value="_root_result__primaryTopic__result__altLabel__65_"/>
<entry key="177" type="xstring" value="_root_result__primaryTopic__result__altLabel__66_"/>
<entry key="178" type="xstring" value="_root_result__primaryTopic__result__altLabel__67_"/>
<entry key="179" type="xstring" value="_root_result__primaryTopic__result__altLabel__68_"/>
<entry key="180" type="xstring" value="_root_result__primaryTopic__result__altLabel__69_"/>
<entry key="181" type="xstring" value="_root_result__primaryTopic__result__altLabel__70_"/>
<entry key="182" type="xstring" value="_root_result__primaryTopic__result__altLabel__71_"/>
<entry key="183" type="xstring" value="_root_result__primaryTopic__result__altLabel__72_"/>
<entry key="184" type="xstring" value="_root_result__primaryTopic__result__altLabel__73_"/>
<entry key="185" type="xstring" value="_root_result__primaryTopic__result__altLabel__74_"/>
<entry key="186" type="xstring" value="_root_result__primaryTopic__result__altLabel__75_"/>
<entry key="187" type="xstring" value="_root_result__primaryTopic__result__altLabel__76_"/>
<entry key="188" type="xstring" value="_root_result__primaryTopic__result__altLabel__77_"/>
<entry key="189" type="xstring" value="_root_result__primaryTopic__result__altLabel__78_"/>
<entry key="190" type="xstring" value="_root_result__primaryTopic__result__altLabel__79_"/>
<entry key="191" type="xstring" value="_root_result__primaryTopic__result__altLabel__80_"/>
<entry key="192" type="xstring" value="_root_result__primaryTopic__result__altLabel__81_"/>
<entry key="193" type="xstring" value="_root_result__primaryTopic__result__altLabel__82_"/>
<entry key="194" type="xstring" value="_root_result__primaryTopic__result__altLabel__83_"/>
<entry key="195" type="xstring" value="_root_result__primaryTopic__result__altLabel__84_"/>
<entry key="196" type="xstring" value="_root_result__primaryTopic__result__altLabel__85_"/>
<entry key="197" type="xstring" value="_root_result__primaryTopic__result__altLabel__86_"/>
<entry key="198" type="xstring" value="_root_result__primaryTopic__result__altLabel__87_"/>
<entry key="199" type="xstring" value="_root_result__primaryTopic__result__altLabel__88_"/>
<entry key="200" type="xstring" value="_root_result__primaryTopic__result__altLabel__89_"/>
<entry key="201" type="xstring" value="_root_result__primaryTopic__result__altLabel__90_"/>
<entry key="202" type="xstring" value="_root_result__primaryTopic__result__altLabel__91_"/>
<entry key="203" type="xstring" value="_root_result__primaryTopic__result__altLabel__92_"/>
<entry key="204" type="xstring" value="_root_result__primaryTopic__result__altLabel__93_"/>
<entry key="205" type="xstring" value="_root_result__primaryTopic__result__altLabel__94_"/>
<entry key="206" type="xstring" value="_root_result__primaryTopic__result__altLabel__95_"/>
<entry key="207" type="xstring" value="_root_result__primaryTopic__result__altLabel__96_"/>
<entry key="208" type="xstring" value="_root_result__primaryTopic__result__altLabel__97_"/>
<entry key="209" type="xstring" value="_root_result__primaryTopic__searchTerm_"/>
<entry key="210" type="xstring" value="_root_result__primaryTopic__type_"/>
<entry key="211" type="xstring" value="_root_result__primaryTopic__isPrimaryTopicOf_"/>
</config>
<entry key="enforce_option" type="xstring" value="EnforceExclusion"/>
</config>
</config>
<entry key="hasContent" type="xboolean" value="true"/>
<entry key="isInactive" type="xboolean" value="false"/>
<config key="ports">
<config key="port_1">
<entry key="index" type="xint" value="1"/>
<entry key="port_spec_class" type="xstring" value="org.knime.core.data.DataTableSpec"/>
<entry key="port_object_class" type="xstring" value="org.knime.core.node.BufferedDataTable"/>
<entry key="port_object_summary" type="xstring" value="Rows: 17, Cols: 2"/>
<entry key="port_dir_location" type="xstring" value="port_1"/>
</config>
</config>
<config key="filestores">
<entry key="file_store_location" type="xstring" isnull="true" value=""/>
<entry key="file_store_id" type="xstring" value="203e7eb6-19e1-44ff-bd4b-6e109429e0ea"/>
</config>
</config>
